<?xml version="1.0" encoding="ISO-8859-1"?>
 <tns:DatosNotificacion xmlns:tns="http://justicia.es/SGPNotificacion/xsd-schemas/V1">
<tns:Referencia>
<tns:OrganoJudicial>
<tns:CodigoSGP>1503644002</tns:CodigoSGP>
<tns:CodigoCTEAJE>1503644002</tns:CodigoCTEAJE>
<tns:Jurisdiccion>4</tns:Jurisdiccion>
<tns:Descripcion>XDO. DO SOCIAL N. 2</tns:Descripcion>
</tns:OrganoJudicial>
<tns:NIG>1503644420250000198</tns:NIG>
<tns:Procedimiento>
<tns:IdentificadorProcedimiento>
<tns:CodigoProcedimiento>MGT</tns:CodigoProcedimiento>
<tns:NumeroProcedimiento>0000104</tns:NumeroProcedimiento>
<tns:AnyoProcedimiento>2025</tns:AnyoProcedimiento>
</tns:IdentificadorProcedimiento>
<tns:Descripcion>MODIFICACION SUSTANCIAL CONDICIONES LABORALES (MGT) 0000104/2025</tns:Descripcion>
</tns:Procedimiento>
</tns:Referencia>
<tns:DatosEspecificos xmlns:exnot="http://justicia.es/MINERVA/ExtensionNotificacion/xsd-schemas/V1">
<exnot:AcontecimientoNotificado>
<exnot:NumeroAcontecimiento>125</exnot:NumeroAcontecimiento>
</exnot:AcontecimientoNotificado>
</tns:DatosEspecificos>
</tns:DatosNotificacion>
