<?xml version="1.0" encoding="ISO-8859-1"?>
 <tns:DatosNotificacion xmlns:tns="http://justicia.es/SGPNotificacion/xsd-schemas/V1">
<tns:Referencia>
<tns:OrganoJudicial>
<tns:CodigoSGP>1503044005</tns:CodigoSGP>
<tns:CodigoCTEAJE>1503044005</tns:CodigoCTEAJE>
<tns:Jurisdiccion>4</tns:Jurisdiccion>
<tns:Descripcion>XDO. DO SOCIAL N. 5</tns:Descripcion>
</tns:OrganoJudicial>
<tns:NIG>1503044420250002788</tns:NIG>
<tns:Procedimiento>
<tns:IdentificadorProcedimiento>
<tns:CodigoProcedimiento>SSS</tns:CodigoProcedimiento>
<tns:NumeroProcedimiento>0000390</tns:NumeroProcedimiento>
<tns:AnyoProcedimiento>2025</tns:AnyoProcedimiento>
</tns:IdentificadorProcedimiento>
<tns:Descripcion>SEGURIDAD SOCIAL EN MATERIA PRESTACIONAL (SSS) 0000390/2025</tns:Descripcion>
</tns:Procedimiento>
</tns:Referencia>
<tns:DatosEspecificos xmlns:exnot="http://justicia.es/MINERVA/ExtensionNotificacion/xsd-schemas/V1">
<exnot:AcontecimientoNotificado>
<exnot:NumeroAcontecimiento>74</exnot:NumeroAcontecimiento>
</exnot:AcontecimientoNotificado>
</tns:DatosEspecificos>
</tns:DatosNotificacion>
